id	Df	SumsOfSqs	MeanSqs	F.Model	R2	Pr..F.
Group	1	0.95482348508016	0.95482348508016	3.39381030442803	0.01245920493066674	0.001
TimePoint	3	1.2086497516006889	0.40288325053356294	1.4261384500391874	0.015771307660418725	0.024
record_id	94	46.41517961277339	0.4937785065188659	2.8756681409312077	0.6056577406458525	0.001
