id	Df	SumsOfSqs	MeanSqs	F.Model	R2	Pr..F.
group	1	0.25507505736865244	0.25507505736865244	0.8217242561556437	0.011768890913392168	0.677
cluster	1	2.42561063735681	2.42561063735681	8.695273182288497	0.11191508602959235	0.001
