id	Df	SumsOfSqs	MeanSqs	F.Model	R2	Pr..F.
group	1	0.25829645706697507	0.25829645706697507	0.8058367611275513	0.010097466474031942	0.698
cluster	1	3.0088836941045933	3.0088836941045933	10.531087774099944	0.11762492823354745	0.001
