n_clust	value
2	0.578681853225312
3	0.3981864691583791
4	0.33600291302987195
5	0.29628369915077657
6	0.29417097045844437
7	0.3171190392523429
8	0.32777534216818144
9	0.2967230280957215
10	0.3034121200669003
11	0.2769100559365809
12	0.29262964728518825
13	0.30197562776643355
14	0.2914913661944265
15	0.2795855921043917
16	0.2843277977014966
17	0.2814931131934148
18	0.27803461606755153
19	0.29402664560283115
20	0.300929704131058
