n_clust	value
2	0.5728732691119955
3	0.43561080359001986
4	0.33856268574345827
5	0.3437564223628891
6	0.3038876114818105
7	0.2942241396487179
8	0.3116542120718948
9	0.30697821090892924
10	0.2797810254898853
11	0.2783095231568279
12	0.2882455067335313
13	0.28740424617540117
14	0.307695841521623
15	0.2835646600065661
16	0.3112132294994261
17	0.31475495884133986
18	0.31478384837301987
19	0.31690960007770247
20	0.30749120485075326
